Publication Year,Author,Title,Journal,DOI,Url,Abstract Note,单位
2026,"Li, Mingzhu; Zhang, Xiaobo; Zhao, Xing; Wang, Jixian; Zhao, Chao; Zhao, Yun; Li, Jingran; Shen, Danhua; Wei, Lihui",Preliminary study on PAX1/JAM3 methylation and HPV viral load in CIN3-like squamous cell carcinoma: Are there differences from CIN3 and early invasive carcinoma?,Clinical Epigenetics,10.1186/s13148-026-02201-1,https://link.springer.com/10.1186/s13148-026-02201-1,"Objective Cervical intraepithelial neoplasia grade 3 (CIN 3)-like squamous cell carcinoma (SCC) is a recently identified subtype of cervical cancer with a deceptive growth pattern. It mimics the phenotype of CIN 3, involving endocervical crypts, presenting significant challenges and potential for diagnostic confusion. This study aims to clarify the differences in epigenetic profiles and HPV viral load(VL) among CIN 3, CIN 3-like SCC, early invasive SCC, and invasive SCC. Methods A retrospective analysis was conducted on 138 cases of cervical high-grade lesions and SCC diagnosed at Peking University People's Hospital from March 2022 to June 2024. The cases included 65 high-grade squamous intraepithelial lesions (HSIL) [23 CIN 2 and 42 CIN 3] and 73 SCC [27 CIN 3-like SCC, 21 early invasive SCC, and 25 invasive SCC]. Histological samples were analyzed for methylation levels of the epigenetic factors PAX1 and JAM3, as well as HPV VL. Results Methylation levels of PAX1 and JAM3, as well as total HPV VL, were significantly higher in cervical cancer than in HSIL(<?0.001). The PAX1 methylation level of CIN3 was significantly lower than that of invasive SCC, but there was no significant difference compared with CIN3 and CIN 3-like SCC; For the PAX1/JAM3 methylation levels in CIN 3-like SCC, no statistically significant differences were observed when compared with those in early invasive SCC and invasive SCC. The HPV VL in CIN 3-like SCC was significantly higher than that in CIN 3 and early invasive SCC, but no significant difference was found compared with invasive SCC. In the same stage of FIGO, although PAX1/JAM3 methylation and HPV VL (especially HPV16/18 VL) showed a tendency to increase in CIN3-like SCC compared with early invasive SCC, the difference was not significant, further expansion of sample size is needed to confirm this. Conclusion PAX1 and JAM3 methylation levels are significantly higher in SCC than HSIL, but no difference in methylation levels was observed between CIN 3-like SCC, early invasive SCC, and invasive SCC. Total HPV VL (especially HPV16/18 VL) in CIN3-like SCC is significantly higher than that in CIN3 and early invasive SCC, suggesting potential shared and distinct features in epigenetics and HPV VL between CIN3-like SCC and early invasive SCC, which need more molecular biology research to explore the difference.",Peking University People’s Hospital
2026,"Ellis, Laura Burney; Tighe, Jack; Bowden, Sarah J.; Kechagias, Konstantinos S.; Paraskevaidi, Maria; Garg, Akanksha; Paraskevaidis, Evangelos; Arbyn, Marc; Veroniki, Areti Angeliki; Kalliala, Ilkka; Flanagan, James M.; Kyrgiou, Maria",Diagnostic testing accuracy of DNA methylation tests for detection of high-grade cervical intraepithelial neoplasia and cervical cancer: A systematic review and meta-analysis,European Journal of Cancer,10.1016/j.ejca.2026.116823,https://www.ejcancer.com/article/S0959-8049(26)00604-0/fulltext,"Background Human papillomavirus (HPV)-based cervical screening offers stronger protection against cervical intraepithelial neoplasia (CIN) than screening with cytology. DNA methylation tests have been proposed as an alternative triage test to cytology, although there is currently no consensus on the most accurate gene or gene panels (“markers”). Methods We conducted a meta-analysis of accuracy of human and HPV methylation markers to detect CIN2 or worse (CIN2+), CIN3+, and cervical cancer (CRD42022299760). We systematically searched three databases to March 2025. We used a bivariate random-effects model to produce pooled sensitivity, specificity, diagnostic odds ratios (DORs), positive and negative likelihood ratios (LR+, LR-) for each marker at each available endpoint. Our primary analysis was in HPV+ women, and secondary analysis included all data regardless of HPV positivity. Results We included 51 studies exploring 13 methylation markers in 28,977 HPV+ women, and in total 125 studies assessing 32 markers in 49,242 women. For HPV+, the markers with the highest DORs were JAM3 (20.82 [95%CI 14.41–30.08]), C13ORF18 (19.50 [95%CI 11.65–32.65]), and PAX1 (17.13 [95%CI 9.20–31.89]). EPB41L3 had the lowest LR- (0.26 [95%CI 0.19–0.35]). In all women, SOX1 had the highest DOR (29.72 [95%CI 12.84–68.81]), although JAM3 and PAX1 maintained good accuracy (DORs 26.73 [95%CI 19.97–35.77] and 23.96 [95%CI 17.32–33.15]). Conclusion Several methylation markers reported good sensitivity in the detection of CIN3+ whilst maintaining high specificity. These have potential to reduce unnecessary referrals to colposcopy. Methylation markers may permit efficient triage on self-samples which are inappropriate for cytology, although this requires further study ideally in screening cohorts.",Imperial College London
2025,"Yang, Li; Wang, Zhao-Xin; Zhu, Yuan-Hang; Bai, Yang; Liou, Yu-ligh; Li, Qian; Shi, Zhong-Na; Shi, Qiu-Ling; Ren, Chen-Chen",Focused ultrasound ablation for women with cervical lesions: Protocol of a randomized controlled trial,Reproductive and Developmental Medicine,10.1097/RD9.0000000000000132,https://journals.lww.com/10.1097/RD9.0000000000000132,"Objective: Persistent high-risk human papillomavirus (HPV) infection causes precancerous cervical lesions with subsequent progression to cervical cancer. HPV infection is very common in women of childbearing age, particularly with early onset of sexual activity. Treatments such as cold knife conization are usually used for women of childbearing age with cervical intraepithelial neoplasia 2+, which may cause delayed fertility, cervical insufficiency, and other adverse pregnancy outcomes during subsequent pregnancies. Methods: Focused ultrasound (FUS) is a non-ionizing, non-invasive treatment method used to treat gynecological conditions such as cervicitis and vulvovaginal disease. Results: A protocol has been developed to evaluate the value of FUS in the treatment of women of childbearing age with cervical lesions with fertility preservation. Conclusion: This study aimed to evaluate the therapeutic effect of FUS treatment and fertility protection in women of childbearing age with cervical lesions who require family planning.",The Third Affiliated Hospital of Zhengzhou University
2026,"Guo, Qin; Wang, Huaguo; Diao, Xue; Liu, Yinghong; Chen, Yanling; Long, Qiyun; Liu, Zejiang; Qi, Xing; Lin, Sheng; Song, Xuhui",Utility of PAX1/JAM3 methylation analysis for triage of high-risk HPV-positive individuals,Laboratory Medicine,10.1093/labmed/lmaf096,,"INTRODUCTION: We sought to assess the clinical utility of methylation detection of paired box gene 1 (PAX1) and junctional adhesion molecule 3 (JAM3) in the triage of individuals testing positive for high-risk human papillomavirus (HPV). METHODS: Cervical secretions from 312 high-risk HPV-positive patients were analyzed for dual-gene methylation of PAX1 and JAM3 (PAX1m/JAM3m). Methylation levels were compared across histologically confirmed cervical lesions. Using histopathology as the reference standard, the triage performance of PAX1m/JAM3m was evaluated against cytology and HPV-16/18 genotyping. RESULTS: Methylation positivity increased in statistical significance with lesion severity (P?<?.001 for trend). For the detection of cervical intraepithelial neoplasia (CIN) 2 or more severe lesions (CIN2+), PAX1m/JAM3m yielded a sensitivity of 91.8% (95% CI, 84.1%-96.2%), specificity of 90.7% (95% CI, 85.7%-94.1%), and an area under the receiver operating characteristic curve of 0.912 (95% CI, 0.874-0.951), outperforming cytology, HPV-16/18 genotyping, and their combinations. Using PAX1m/JAM3m positivity as a criterion for colposcopy referral, 1 CIN2+ case was detected per 1.22 referrals, reducing the colposcopy referral rate by approximately 19.2% and increasing the CIN2+ detection rate by 39.4% compared with cytology at the atypical squamous cells of undetermined significance threshold. DISCUSSION: PAX1m/JAM3m levels are strongly associated with cervical lesion severity and represent a promising triage strategy for high-risk HPV-positive individuals.",Ziyang Central Hospital
2026,"Feng, Shuxian; Wang, Dan; He, Qiannan; An, Yusheng; Li, Sainan; Liu, Ling",PAX1/JAM3 methylation-a novel biomarker for early detection and accurate management of cervical adenocarcinoma,American Journal of Cancer Research,10.62347/SATU5579,https://pmc.ncbi.nlm.nih.gov/articles/PMC13184748/,"Cervical adenocarcinoma is a relatively special pathological type of cervical cancer. Due to its hidden location, low sensitivity of traditional cytology, and insufficient specificity of high-risk human papillomavirus (HR-HPV) detection, it is used in early diagnosis and accurate management. It presents huge challenges. Epigenetic markers represented by DNA methylation provide new breakthroughs in the diagnosis and treatment of cervical cancer. Among them, the dual-gene methylation detection of pairing box gene 1 (PAX1) and junction adhesion molecule 3 (JAM3) has become a new molecular marker with broad prospects because of its significant hypermethylation status in cervical adenocarcinoma tissues and excellent diagnostic sensitivity and specificity. This review summarizes the biological characteristics and carcinogenic mechanism of PAX1/JAM3 double gene methylation and the latest research progress in cervical adenocarcinoma screening and diagnosis, and discusses its application value, existing challenges and future development directions in order to provide new insights and directions for the pathogenesis research and clinical diagnosis and treatment strategies of cervical adenocarcinoma.",940th Hospital of The Joint Logistic Support Force of The People’s Liberation Army  of China
2026,"Peng, Huanzi; Li, Jing; Zhou, Qun; Zhou, Hui; Peng, Jiaqi; Wang, Jing; Liu, Pei; He, Kun; Liu, Wene; Tan, Ping; Li, Lei; Xie, Xiaobing",Reply to: Comments on “Enhanced Diagnostic Accuracy of High-Grade Cervical Intraepithelial Neoplasia in Postmenopausal Women Through PAX1/JAM3 Methylation Analysis”,International Journal of Cancer,10.1002/ijc.70484,https://onlinelibrary.wiley.com/doi/10.1002/ijc.70484,Reply to: Comments on “Enhanced Diagnostic Accuracy of High-Grade Cervical Intraepithelial Neoplasia in Postmenopausal Women Through PAX1/JAM3 Methylation Analysis”,The First Hospital of Hunan University of Chinese Medicine
2026,"Fan, Guo; Xiaolu, Yu; Keremu, Yiliminuer; Weina, Kong; Xiaohui, Xu; Xiumin, Ma",Effectiveness analysis and clinical application potential exploration of combined detection of PAX1/JAM3 gene methylation in early diagnosis of cervical precancerous lesions,Clinical Epigenetics,10.1186/s13148-026-02095-z,,"BACKGROUND: The early and accurate diagnosis of cervical precancerous lesions is essential for mitigating the risk of cervical cancer. Given the limitations of traditional screening methods, such as inadequate sensitivity and low specificity, this study aims to assess the diagnostic performance of combined PAX1/JAM3 gene methylation testing for cervical intraepithelial neoplasia (CIN) and to explore its potential in triage management. Methylation testing serves as a tool for investigating the epigenetic alterations associated with diseases like cancer, thereby providing molecular biological evidence for diagnosis and prognosis. METHODS: This study included 431 cervical exfoliated cell samples, which consisted of CIN1, CIN2/3, cervical cancer (CC), and control groups. The methylation levels of the PAX1/JAM3 genes were assessed using quantitative methylation-specific PCR. The diagnostic efficacy of these genes for high-grade lesions (CIN2+) was analyzed through receiver operating characteristic (ROC) curve analysis and was compared with HPV testing and cytological examination. Additionally, the diagnostic performance of PAX1/SOX1 methylation was preliminarily evaluated in a sub-cohort of 100 cases. Further evaluation was conducted on the triage referral rate and the impact of clinical intervention using this biomarker in HPV-positive patients. RESULTS: The area under the curve (AUC) for the PAX1/JAM3 methylation test in diagnosing CIN2+ was 0.89 (95% CI: 0.85-0.92), with a sensitivity of 83.1% and a specificity of 88.8%. In the sub-cohort, the PAX1/SOX1 combination also demonstrated high diagnostic potential for CIN3+ (AUC = 0.91), serving as a validation of methylation testing efficacy. In non-HPV16/18 positive patients, the sensitivity and specificity of methylation testing for CIN2+ were superior to those of cytology. Among patients undergoing colposcopy, 265 cases had results of ≤ASCUS, of which 51 were methylation positive, resulting in a colposcopy referral rate of 19.3%. CONCLUSION: PAX1/JAM3 gene methylation testing demonstrates strong diagnostic efficacy for cervical precancerous lesions and holds significant potential in triage diagnosis. The PAX1/SOX1 panel also shows promise as a complementary biomarker.",Tumor Hospital Affiliated to Xinjiang Medical University
2025,"Peng, Huanzi; Li, Jing; Zhou, Qun; Zhou, Hui; Peng, Jiaqi; Wang, Jing; Liu, Pei; He, Kun; Liu, Wene; Tan, Ping; Li, Lei; Xie, Xiaobing",Enhanced diagnostic accuracy of high-grade cervical intraepithelial neoplasia in postmenopausal women through PAX1/JAM3 methylation analysis,International Journal of Cancer,10.1002/ijc.70245,,"This study aimed to assess the diagnostic-support and triage value of PAX1/JAM3 methylation testing for identifying high-grade cervical lesions among postmenopausal women referred for colposcopy. A total of 216 women aged ≥50?years who underwent colposcopy due to positive high-risk human papillomavirus (hrHPV)/cytology detection and/or abnormal clinical symptoms were included, and 212 women aged <50?years matched 1:1 by hrHPV and cytology results as the control group. The effectiveness of PAX1/JAM3 methylation in detecting high-grade cervical intraepithelial neoplasia (CIN) was compared to traditional screening methods. PAX1/JAM3 methylation showed a sensitivity of 93.2%[85.7%-100%] for detecting CIN2+ lesions (97.2%[91.9%-100%] for CIN3+), with a specificity of 93.6%[89.9%-97.3%] for CIN1-lesions, outperforming liquid-based cytology (LBC) (CIN2+/CIN3+ sensitivity: 75%[60.9%-89.1%]; specificity: 52.3%[44.9%-59.8%]) and the combination of LBC and hrHPV tests according to current guidelines (CIN2+/CIN3+ sensitivity: 81.8%[70.4%-93.2%]/83.3%[71.2%-95.5%]; specificity: 45.3%[37.9%-52.8%]). Methylation detection successfully identified two adenocarcinoma cases with negative hrHPV and LBC, as well as 7 patients with non-16/18 hrHPV infection that were missed by LBC. The methylation levels of PAX1 and JAM3 were elevated in elderly women with CIN2+ compared to younger women, and showed no association with HPV types. In conclusion, PAX1/JAM3 methylation testing showed promising diagnostic-support performance among postmenopausal women referred for colposcopy, suggesting potential utility as a supplementary detection method to improve diagnostic accuracy in older women.",The First Hospital of Hunan University of Chinese Medicine
2025,冯伟明; 翟燕红; 孟令欣; 陆霞; 曹正,PAX1/JAM3基因甲基化在HR-HPV感染女性中宫颈癌的诊断价值,标记免疫分析与临床,10.11748/bjmy.issn.1006-1703.2025.10.008,https://kns.cnki.net/KCMS/detail/detail.aspx?dbcode=CJFQ&dbname=CJFDAUTO&filename=BJMY202510007,【摘 要】目的 探讨PAX1/JAM3基因甲基化（PAX1m/JAM3m）在高危型人乳头瘤病毒（HR-HPV）感染女性群体中宫颈癌的诊断价值。方法 收集2024年3月至2025年3月于首都医科大学附属北京妇产医院/北京妇幼保健院就诊的808例HR-HPV感染女性的临床资料，包括年龄、HPV分型、液基薄层细胞学（TCT）检测结果和PAX1m/JAM3m检测结果。基于HR-HPV分型和TCT检测结果，根据现行指南对需要阴道镜转诊的女性进行相应的检查和活检。根据病理学结果将研究对象分为宫颈炎、子宫颈上皮内瘤变1（CIN1）、CIN2、CIN3和宫颈癌组。通过绘制受试者工作特征（ROC）曲线评估PAX1m/JAM3m检测对宫颈癌的诊断价值，并分析HPV16/18、TCT和PAX1m/JAM3m检测3种方法在宫颈癌诊断中的相关性。,首都医科大学附属北京妇产医院
2024,"Fei, Jing; Zhai, Lingyun; Wang, Jing; Zhu, Xiaoqing; Liu, Pei; Wang, Linhai; Ma, Dongxue; Li, Lei; Zhou, Jianwei",Evaluating PAX1/JAM3 methylation for triage in HPV 16/18-infected women,Clinical Epigenetics,10.1186/s13148-024-01804-w,https://clinicalepigeneticsjournal.biomedcentral.com/articles/10.1186/s13148-024-01804-w,"OBJECTIVE: Referring all women who tested positive for human papillomavirus (HPV) 16/18 to colposcopy may lead to potential over-referral issues. Triage tests based on cytology results face challenges in achieving accurate diagnoses. Our study aims to assess the clinical effectiveness of PAX1/JAM3 methylation (CISCER) test as a triage method for HPV 16/18-positive women. METHODS: From November 2021 to December 2022, a total of 334 women who tested positive for HPV 16/18 and were referred to colposcopy at The Second Affiliated Hospital of Zhejiang University School of Medicine were studied. The clinical utility of the CISCER test, cytology, and the combination of CISCER with cytology as potential triage tests was compared. RESULTS: We observed a significant increase in the methylation levels of PAX1 gene and JAM3 gene in women with cervical intraepithelial neoplasia (CIN) grade 2 or severe (CIN2+). The CISCER test demonstrated superior triage performance over cytology, even when used in combination with cytology, showing a high sensitivity of 89.0% (95% confidence interval [CI] 82.9-95.1%) and specificity of 95.3% (95% CI 92.6-98.0%). It achieved an area under the curve of 0.921 (95% CI 0.877-0.966) and an odds ratio of 164.02 (95% CI 68.64-391.95). The immediate CIN2+?risk based on positive CISCER results would be 89.0% (95% CI 80.8-94.1%), with an estimated average of 1.12 referrals needed to detect one CIN2+?case. Moreover, CISCER triaging successfully identified all cancer patients and did not miss any CIN3+?cases among women aged?≥?30. CONCLUSIONS: The PAX1/JAM3 methylation detection exhibited excellent accuracy in identifying cervical precancerous lesions in HPV 16/18-positive women and could be considered as a triage tool to reduce excessive referrals for colposcopy and overtreatment.","The Second Affiliated Hospital, Zhejiang University School of Medicine"
2026,"Luo, Lianmei; Wang, Lanruo; Liu, Zhiying; Cai, Youqin; Zhang, Jun",PAX1/JAM3 methylation in cervical exfoliated cells: a robust diagnostic biomarker for cervical high-grade lesions associated with vaginal dysbiosis,BMC Women's Health,10.1186/s12905-026-04285-6,https://doi.org/10.1186/s12905-026-04285-6,"Objective This prospective single-center study aimed to investigate the clinical correlation between PAX1/JAM3 methylation (CISCER) assay and clinically evaluated vaginal microecological features in women referred for colposcopy, and to assess the potential complementary diagnostic value for detecting high-grade cervical lesions. Methods Participants were recruited from the Gynecologic Colposcopy Outpatient Clinic of Beijing Anzhen Hospital, Capital Medical University, from February 2024 to December 2024. The clinical performance of the CISCER assay and the vaginal microecology composition of the colposcopy-referred subjects were analyzed. Results The methylation levels of PAX1 and JAM3 were elevated in participants with cervical intraepithelial neoplasia 2 (CIN2). When ΔCtPAX1?≤?6.6 or ΔCtJAM3?≤?10.0, the methylation levels for PAX1 or JAM3 were high (with low ΔCt) in ≧?CIN2 compared to ≤?CIN1 (ΔCtPAX1: 4.25 vs. 9.35; ΔCtJAM3: 9.34 vs. 13.2) groups, reflecting higher methylation in high-grade lesions. For the detection of CIN2?+?and CIN3?+?lesions, the CISCER assay showed high discriminative accuracy, with AUC values of 0.826 and 0.852, respectively. Notably, the CISCER assay demonstrated superior specificity compared to hrHPV testing (89.1% vs. 7.3% for CIN2-), addressing a major limitation of current screening. Elevated PAX1/JAM3 methylation levels are associated with vaginal dysbiosis—characterized by Lactobacillus depletion and Gardnerella enrichment—and are potential strong predictors of CIN2+. Conclusions The PAX1/JAM3 methylation (CISCER) assay for cervical exfoliated cells has robust diagnostic association with high-grade cervical lesions (CIN2+) and correlates with vaginal dysbiosis biomarkers, including Gardnerella enrichment and Lactobacillus depletion, supporting its potential as a molecular triage tool for stratifying hrHPV-positive women.",Beijing Anzhen Hospital
2024,"娄琰琰; 刘元涛; 赵淑婷; 青, 陈; 曹佃霞; 公维涛; 郝长宏",JAM3基因DNA甲基化在宫颈高级别上皮内瘤变及术后复发预测的临床研究,临床医学进展,10.12677/acm.2024.1472146,https://www.hanspub.org/journal/PaperInformation.aspx?PaperID=92290&#abstract,"目的：探讨JAM3 (junctional adhesion molecules 3)基因DNA甲基化水平在高级别上皮内瘤变中的诊断效能，实现宫颈癌精准筛查，协助高级别上皮内瘤变(cervical intraepithelial neoplasia, CIN) II~III级分级管理，预测术后复发风险，规范宫颈上皮内瘤变治疗。研究方法：选择2020年1月至2023年1月就诊于临沂市中心医院需行宫颈活检术的200例病例，分别行HPV检查、液基细胞学检查、病理标本DNA甲基化检测。检测期间由一名固定医生取样。所有研究对象均通过阴道镜检查并进行宫颈组织病理学确诊后分组。根据病理学检查结果分为正常组、CIN I级组、CINI级组、CINIII级组，各50例进行数据统计和临床分析。结果：正常组、CINI级组、CINII级组、CINIII级组JAM3基因甲基化者分别为4%、10%、38%、54%。随着宫颈病变程度的加重，JAM3基因的甲基化水平呈逐渐升高趋势。JAM3基因在正常组、CINI组、CINII组、CIN III组任意两组之间均存在显著差异(P< 0.01)。联合JAM3基因甲基化检测可弥补HPV低特异性及TCT低敏感性的缺陷，复发患者甲基化水平明显高于治愈者，差异具有统计学意义。结论:JAM3甲基化检测可显著提高宫颈高级别上皮内瘤变检出率，可为阴道镜检查不满意的LSIL患者分流管理提供参考；协助CIN Ⅱ~II分级管理，提高病理诊断一致性；JAM3甲基化可作为高级别上皮内瘤变术后复发预测标志物。",临沂市中心医院
2025,刘倩; 杨帆; 徐冉; 王新立,PAX1/JAM3双基因甲基化在宫颈癌筛查及治疗中的应用,国际妇产科学杂志,10.12280/gjfckx.20250484,https://qikan.chaoxing.com/detail_38502727e7500f2667fd13009fcb48efffd454ed1a289dd61921b0a3ea255101fc1cf1fbb4666ae6742e4b40970f856483a448ee65dd3e7379243b86b6a9162676c448168ff73373b86e90f6d54da1dc,【摘 要】 宫颈癌在我国女性恶性肿瘤中发病率位居第二，是女性癌症死亡的主要原因之一，且总体发病率呈上升趋势。目前，液基薄层细胞学检查（thin-prep cytology test，TCT）和高危型人乳头瘤病毒（high-risk human papilloma virus，HR-HPV）DNA检测是主要的宫颈癌筛查手段，但二者均存在局限性，TCT结果可重复性差且敏感度低；而HRHPV DNA检测特异度低，可能导致过度诊疗，因此亟需更精准的筛查方案。随着DNA甲基化检测技术迅速发展，多种基因甲基化被用于宫颈癌筛查，其中配对框基因1（paired box gene 1，PAX1）/连接黏附分子3（junctional adhesion molecule 3，JAM3）双基因甲基化备受关注，有研究称其与宫颈癌细胞迁移和侵袭相关。尽管目前相关研究尚不完善，但PAX1/JAM3双基因甲基化在宫颈癌筛查和治疗领域极具潜力，联合应用PAX1/JAM3双基因甲基化，有助于优化宫颈癌筛查策略，提高临床分流准确性。综述PAX1/JAM3双基因甲基化在宫颈癌筛查及治疗中的应用，旨在为宫颈癌筛查的精准实施和分层管理提供理论依据。,山东第一医科大学(山东省医学科学院)
2025,肖金芬; 张旭梅; 刘懿; 丁尚玮; 曾倩; 李芹,PAX1、JAM3甲基化对子宫颈高级别上皮内瘤变诊断的meta分析,现代妇产科进展,10.13283/j.cnki.xdfckjz.2025.09.004,https://qikan.chaoxing.com/detail_38502727e7500f268fe1da1518af1fff3ff4992bd807e6451921b0a3ea255101fc1cf1fbb4666ae61ea329ff56e8fa08e8ff680404a689d04f1ebb53d0fa3cc2e03a1ccd46167c5bbecdcf842f019754,"【摘要】 目的：系统评价PAX1、JAM3双基因甲基化联合诊断子宫颈高级别鳞状上皮内瘤变(HSIL)的整体诊断效能,为临床决策提供循证证据。方法：检索知网(CNKI)、万方、维普(VIP)、中国生物医学文献数据库(CBM)、Pubmed、Embase、Web of science和Cochrane Library数据库,收集PAX1、JAM3双基因甲基化对HSIL诊断价值的研究,检索时限为建库至2024年2月。按纳入及排除标准,使用QUADAS-2评价文献质量,采用meta-disc1.4进行meta分析以评估PAX1、JAM3双基因甲基化对HSIL的诊断价值。结果：最终纳入7项诊断试验。Meta分析结果显示,PAX1、JAM3双基因甲基化诊断CIN2+合并灵敏度为0.78(95%CI:0.75～0.80),合并特异度为0.95(95%CI:0.94～0.95),合并阳性似然比(PLR)为14.610(95%CI:10.116～21.099),合并阴性似然比(NLR)为0.202(95%CI:0.150～0.273),合并曲线下面积(AUC)为0.9694,合并诊断比值比(DOR)为77.36(95%CI:43.06～138.99)。PAX1、JAM3双基因甲基化诊断CIN3+合并灵敏度为0.84(95%CI:0.80～0.87),合并特异度为0.87(95%CI:0.86～0.88),合并阳性似然比(PLR)为5.911(95%CI:4.765～7.333),合并阴性似然比(NLR)为0.172(95%CI:0.098～0.304),合并曲线下面积(AUC)为0.9251,合并诊断比值比(DOR)为34.76(95%CI:20.09～60.13)。结论：PAX1和JAM3双基因甲基化在诊断HSIL方面具有较高的敏感度和特异度,具有较高的诊断效能。",昆明医科大学附属延安医院
2023,"Li, Xiang; He, Sili; Zhao, Xingping; Sun, Dan; Wu, Si; Xu, Dabao; Li, Yingjia",High-grade cervical lesions diagnosed by JAM3/PAX1 methylation in high-risk human papillomavirus-infected patients,Journal of Central South University (Medical Sciences),10.11817/j.issn.1672-7347.2023.230175,https://xbyxb.csu.edu.cn/zh/article/doi/10.11817/j.issn.1672-7347.2023.230175/,"OBJECTIVES: Currently, traditional cervical cancer screening methods, such as high-risk human papillomavirus testing and liquid based cytology (LBC), still possess limitations. This study aims to identify new diagnostic biomarkers to achieve the goal of ""precision screening"" via exploring the clinical value of DNA methylation [ΔCtP: paired box gene 1 (PAX1)and ΔCtJ: junctional adhesion molecule 3 (JAM3)] detection in cervical exfoliated cells for the diagnosis of high-grade cervical lesions. METHODS: A total of 136 patients who underwent gynecological examinations in the vaginal room of the Department of Gynecology at the Third Xiangya Hospital of Central South University from June 2021 to June 2022 were retrospectively studied. Among them, 122 patients had non-high-grade cervical lesions, and 14 patients had high-grade cervical lesions. The variables included general information (age, body mass index, and menopause status), LBC, high-risk human papillomavirus, cervical tissue pathology, vaginal examination results, and the ΔCt values of JAM3 and PAX1 gene methylation. Logistic regression analysis was used to identify the factors affecting the diagnosis of high-grade cervical lesions, followed by correlation analysis and construction of a conditional inference tree model. RESULTS: Logistic regression analysis showed that the methylation ΔCt values of PAX1 and JAM3 genes and LBC detection results were statistically significant between the high-grade cervical lesions group and the non-high-grade cervical lesions group (all P<0.05). Correlation analysis revealed a negative correlation between cervical pathological changes and ΔCtP (r=-0.36, P<0.001), ΔCtJ (r=-0.448, P<0.001), LBC (r=-0.305, P<0.001), or bacterial diversity (r=-0.183, P=0.037). The conditional inference tree showed that when ΔCtJ>10.13, all of patients had non-high-grade cervical lesions, while ΔCtP>6.22, the number of non-high-grade lesions accounted for 97.5% (117/120), and high-grade lesions accounted for only 2.5% (3/120). When ΔCtJ>8.61 and LBC were atypical squamous cell of undetermined significance or negative for intraepithelial lesions or malignancy (NILM), 105 (99.1%) patients were non-high-grade cervical lesions, only 1 (0.9%) patient was high-grade lesion. When the results of LBC were high-grade lesions, only 9 patients' histopathological examination was the high-grade lesions and 3 non-high-grade lesions. When LBC indicated low-grade lesions, atypical squamous cell of undetermined significance, no intraepithelial lesions, and ΔCtP>6.22, 117 (97.5%) of patients' histopathological examination was the non-high-grade lesions. CONCLUSIONS: The JAM3/PAX1 gene methylation test can be used independently for the stratified diagnosis of high-grade/non-high-grade cervical lesions in women with high-risk human papillomavirus infection, independent of the cytological results of cervical excision. The JAM3/PAX1 gene methylation test can also be used in combination with LBC to make up for the shortcomings of low sensitivity of LBC. In addition, the application of methylation kit in large-scale cervical cancer screening in the future will be good to the detection of more patients with high-grade cervical lesions, and achieve early screening and early treatment for cervical lesions/cancer.",中南大学湘雅三医院
2024,"Chen, Xiaoyan; Jiang, Haimin; Xu, Hubin; Wang, Linhai; Liu, Pei; Ma, Dongxue; Wang, Hui; Shou, Huafeng; Fang, Xuqian",Cervical cancer screening: efficacy of PAX1 and JAM3 methylation assay in the triage of atypical squamous cell of undetermined significance (ASC-US),BMC cancer,10.1186/s12885-024-13082-z,https://bmccancer.biomedcentral.com/articles/10.1186/s12885-024-13082-z,"BACKGROUND: Atypical squamous cells of undetermined significance (ASC-US) often present diagnostic challenges with cytology-based results, leading to potential underdiagnosis or overdiagnosis. An effective triage method is essential for managing these cases to reduce unnecessary referrals and treatment. METHODS: A total of 322 women diagnosed with ASC-US were tested for HPV-DNA and the PAX1 and JAM3 methylation (PAX1m/JAM3m) test in the study. RESULTS: Methylation levels of PAX1 and JAM3 were significantly elevated in cervical lesions classified as CIN2 or more severe lesions (CIN2+). The methylation assay demonstrated a sensitivity of 83.8% and a specificity of 95.8%, outperforming HPV-DNA testing in differentiating high-grade cervical lesions among women with ASC-US. Moreover, PAX1m/JAM3m testing significantly reduced the colposcopy referral rate for further diagnostic procedures in high-risk HPV-positive women by 79.5%. CONCLUSIONS: PAX1m/JAM3m testing shows promise as a reliable supplemental method to HPV-DNA testing for the triage of women with cytologic ASC-US. In addition, the molecular triage based on the CISCER assay or single PAX1 or JAM3 methylation, had better effects in the women with non-HPV16/18 group. This approach could potentially minimize overtreatment and unnecessary referrals in clinical practice, enhancing patient management and resource utilization.",Zhejiang Provincial People’s Hospital
2025,"Shang, Xiao; Kong, Linghua; You, Yan; Wu, Huanwen; Liou, Yuligh; Jin, Xitong; Liu, Pei; Lang, Jinghe; Li, Lei",Cytologic DNA methylation for managing minimally abnormal cervical cancer screening results,International Journal of Gynaecology and Obstetrics,10.1002/ijgo.70167,,"OBJECTIVES: To explore the role of a DNA methylation assay for managing minimally abnormal cervical cancer screening results in a prospective cohort undergoing opportunistic cervical cancer screening. METHODS: In the cohort of the METHY2 and METHY3 screening studies of women undergoing opportunistic cervical cancer screening, cervical cytology samples were sent for high-risk human papillomavirus (hrHPV) DNA assays, cytologic pathology and methylation assays of PAX1/JAM3 (CISCER). This study evaluated the discriminative power of CISCER in managing women with minimally abnormal cervical cancer screening results for CIN3+. Absolute CIN3+ risks and colposcopy referrals within one screening round were calculated. RESULTS: A total of 1857 women with minimally abnormal cervical cancer findings had cervical histologic outcomes and were included in the analysis. In women with a minimally abnormal cervical cancer result, the sensitivity and specificity of CISCER was 74.9% (95% confidence interval [CI], 68.3%-81.4%) and 89.1% (95% CI 87.6%-90.6%) for detecting CIN3+. CISCER analysis discriminated well for minimally abnormal cervical cancer results, yielding a CIN3+ risk of 40.5% (95% CI 34.9%-46.2%) after a positive result and a CIN3+ risk of 2.7% (95% CI 2.0%-3.6%) after a negative result. CONCLUSIONS: In women with a minimally abnormal cervical cancer screening result, the CISCER provides excellent detection of CIN3+. The use of CISCER in women with a minimally abnormal cervical cancer screening result can lead to a substantial reduction in the number of direct colposcopy referrals.",Peking Union Medical College Hospital
2025,"Kong, Linghua; Xiao, Xiaoping; Wu, Huanwen; You, Yan; Jin, Xitong; Liou, Yuligh; Liu, Pei; Lang, Jinghe; Li, Lei",Triage performance of DNA methylation for women with high-risk human papillomavirus infection,The Oncologist,10.1093/oncolo/oyae324,https://academic.oup.com/oncolo/article/doi/10.1093/oncolo/oyae324/7911806,"Objective DNA methylation is a promising biomarker for cervical cancer screening. This study aimed to validate the triage performance of cytological DNA methylation for detecting cervical intraepithelial neoplasia of grade 3 or worse (CIN3+) in women with high-risk human papillomavirus (hrHPV) infection from a large prospective cohort undergoing opportunistic screening in China (METHY3). Methods The triage performance for detecting CIN3+ lesions was compared between HPV16/18 genotyping, a liquid-based cytology (LBC) test, and the PAX1 and JAM3 methylation (PAX1m/JAM3m) test according to cervical pathologic outcomes. Among the 4394 women infected with hrHPV, 1105 had definitive cervical histological findings that were analyzed. Results For detecting CIN3+, the specificity of HPV16/18(+), the LBC result of ≥atypical squamous cells of undetermined significance (ASCUS), and PAX1m/JAM3m(+) was 66.4%, 23.9%, and 89.6%, respectively, with odds ratios of 4.24 (95% confidence interval [CI], 2.85-6.40), 4.44 (2.27-10.1), and 18.5 (12.1-28.7) (P?<?.001), respectively. PAX1m/JAM3m(+) had the highest area under the receiver operating characteristic curve (0.790, 95% CI, 0.747-0.832) in the whole cohort and in women of various ages. PAX1m/JAM3m (+) was detected in all patients with cancer (n?=?28). Compared with HPV16/18 genotyping and the LBC test, PAX1m/JAM3m testing reduced referrals to colposcopy by 20.64 percentage points and 61.18 percentage points, respectively. Conclusions PAX1m/JAM3m testing is highly specific for detecting CIN3+. As a triage biomarker, it is superior to HPV 16/18 genotyping and LBC testing for women with hrHPV infection.",Peking Union Medical College Hospital
2024,"Shang, X.; Kong, L. H.; Xiao, X. P.; Wan, R.; Wang, J.; Wu, H. W.; Chen, X. Y.; Shou, H. F.; Fei, J.; Zhou, J. W.; Lang, J. H.; Li, L.",[A multicenter study on the accuracy of PAX1/JAM3 dual genes methylation testing for screening cervical cancer],Zhonghua Yi Xue Za Zhi,10.3760/cma.j.cn12137-20231004-00630,https://rs.yiigle.com/cmaid/1503178,"Objective: To explore the value of cervical cytologic DNA methylation for screening cervical cancer. Methods: This study was a prospective multicenter study conducted from May to October 2022 in Peking Union Medical College Hospital, Zhejiang Provincial People's Hospital, and the Second Affiliated Hospital of Zhejiang University School of Medicine. Women who accepted opportunistic cervical cancer screening in gynecological outpatient clinics were subjected to liquid-based thin-layer cytology testing (TCT), high-risk human papillomavirus (hrHPV) DNA testing and PAX1/JAM3 dual-genes methylation testing (PAX1m/JAM3m). Colposcopy evaluation and biopsy were offered to women according to current guidelines. The accuracies of various testing methods and their combinations were compared based on histological diagnosis. Results: A total of 1 184 samples diagnosed by histopathology were included in this study, consisting of 541 cases (45.7%) of benign cervical tissue or chronic cervicitis, 273 (23.1%) of cervical intraepithelial neoplasia (CIN) 1, 168 (14.2%) of CIN2, 140 (11.8%) of CIN3, and 62 (5.2%) of cervical cancer. The sensitivity and specificity of PAX1m/JAM3m testing for detecting CIN2 or more severe lesions (CIN2+) were 74.1% and 95.9%, respectively. The sensitivity and specificity of PAX1m/JAM3m testing for detecting CIN3+were 87.6% and 86.8%, respectively. Receiver operating characteristic curve analysis showed that, for detecting CIN3+, the area under curve of PAX1m/JAM3m testing (0.872, 95%CI: 0.847-0.897) was significantly superior to TCT testing (0.580, 95%CI: 0.551-0.610) or hrHPV testing (0.503, 95%CI: 0.479-0.515) (all P values<0.05). Conclusions: The PAX1m/JAM3m test in cervical exfoliated cells has excellent accuracy for the diagnosis of both CIN2+and CIN3+, which is superior to traditional screening protocols and screening strategies.",Peking Union Medical College Hospital
2025,"Chen, Xiaoyan; Xu, Hubin; Zhao, Lingqian; Jiang, Haimin; Shou, Huafeng",The role of PAX1 and JAM3 methylation in predicting the pathological upgrading of cervical intraepithelial neoplasia before conization,Scientific Reports,10.1038/s41598-025-01422-3,https://www.nature.com/articles/s41598-025-01422-3,"To explore the effect of PAX1 and JAM3 gene methylation on pathological upgrading before conization.?A total of 549 patients who underwent colposcopy at our hospital were enrolled for analysis from December 2020 to April 2022. PAX1 and JAM3 gene methylation results in preoperative cervical exfoliated cells were collected. Univariate analysis and multivariate logistic regression analysis were conducted to identify the independent risk factors influencing the pathological upgrading of conization, aiming to establish a prediction model.?A total of 88 patients were finally included for statistical analysis according to the inclusion and exclusion criteria. Based on univariate analysis and multivariate logistic regression analysis, ?Ct PAX1 (P?=?0.016, OR: 0.784, 95%CI 0.644–0.956) and cervical canal lesions (P?=?0.048, OR: 3.469, 95%CI 1.014–11.870) were identified as independent risk factors for pathological upgrading for conization. Using the above results, we established a prediction model for pathological upgrading and plotted the receiver operator characteristic curve (ROC). The area under the curve (AUC) was calculated when the Youden index was maximized with an AUC value of 0.818 (95%CI 0.720–0.916), specificity of 94.4%, sensitivity of 60%. The cut-off value for ?Ct PAX1 was determined as 4.34 when maximizing the Youden index.?PAX1 could be a promising triage marker in predicting the pathological upgrading of CIN before conization. We found that if the ?Ct PAX1 cut-off value is lower than 4.34, it is highly suggestive of pathological upgrading.",Zhejiang Provincial People’s Hospital
2024,"Chen, Xiaojing; Jin, Xitong; Kong, Linghua; Liou, Yuligh; Liu, Pei; Dong, Zhe; Zhou, Sijun; Qi, Bingli; Fei, Jing; Chen, Xiaoyan; Xiong, Guangwu; Hu, Yuchong; Liu, Shikai; Zhou, Jianwei; Shou, Huafeng; Li, Lei",Triage performance of PAX1m/JAM3m in opportunistic cervical cancer screening of non?16/18 human papillomavirus-positive women: a multicenter prospective study in China,Clinical Epigenetics,10.1186/s13148-024-01731-w,https://doi.org/10.1186/s13148-024-01731-w,"OBJECTIVES: In this study, we aimed to validate the performance of the PAX1 and JAM3 methylation (PAX1m/JAM3m) test as a triage tool for detecting cervical intraepithelial neoplasia grade 3 or worse (CIN3?+) in non-16/18 high-risk human papillomavirus-positive patients (non-16/18 hrHPV?+). METHODS: The triage performance of liquid-based cytology (LBC) and the PAX1m/JAM3m test for detecting CIN3?+?were compared. RESULTS: In total, 1851 participants had cervical histological outcomes and were included in the analysis. The sensitivity/specificity of the LBC test results with atypical squamous cells of undetermined significance or worse (LBC?≥?ASCUS) and the PAX1m/JAM3m test were 90.1%/26.7% and 84.8%/88.5%, respectively. PAX1m/JAM3m(?+) had the highest diagnostic AUC (0.866, 95% confidence interval (CI) 0.837-0.896) in the whole cohort. All cancers (n?=?20) were detected by PAX1m/JAM3m(+). Compared with LBC?≥?ASCUS, PAX1m/JAM3m(+) reduced the number of patients who needed referral for colposcopy by 57.21% (74.66% vs. 17.45%). The odds ratios for detecting CIN3?+?by LBC?≥?ASCUS and PAX1m/JAM3m(+) were 3.3 (95% CI 2.0-5.9) and 42.6 (27.1-69.6), respectively (p?<?0.001). The combination of LBC?≥?ASCUS or PAX1m/JAM3m(+) slightly increased the diagnostic sensitivity (98.0%, 95% CI: 95.8-100%) and referral rate (77.09%) but reduced the diagnostic specificity (24.8%, 22.7-26.8%). CONCLUSIONS: In non-16/18 hrHPV(+) women, PAX1m/JAM3m was superior to cytology for detecting CIN3?+?. Compared with LBC?≥?ASCUS, PAX1m/JAM3m(+) reduced the number of significant referrals to colposcopy without compromising diagnostic sensitivity.",Peking Union Medical College Hospital
2024,"Li, Mingzhu; Zhao, Chao; Zhang, Xiaobo; Li, Jingran; Zhao, Yun; Zhang, Wei; Ren, Lihua; Wei, Lihui",PAX1/JAM3 Methylation and HPV Viral Load in Women with Persistent HPV Infection,Cancers,10.3390/cancers16071430,https://www.mdpi.com/2072-6694/16/7/1430,"The relationship of PAX1/JAM3 methylation as well as HPV viral load (VL) with cervical lesions has been reported, but their role in persistent HPV infection without cervical high-grade lesions has not been fully elucidated. A total of 231 females diagnosed with persistent HPV infection and pathologically confirmed absence of high-grade cervical lesions were selected from the Colposcopy Outpatient Clinic of Peking University People's Hospital, from March 2023 to December 2023. They were categorized into two groups based on the duration of HPV infection: the HPV persistent less than 3 years group and the more than 3 years group. PAX1/JAM3 methylation and HPV VL were determined by real-time PCR and BioPerfectus Multiplex Real-Time (BMRT)-HPV reports type-specific VL/10,000 cells, respectively. The average age of individuals with HPV infection lasting more than 3 years was higher compared to those with less than 3 years (48.9 vs. 45.1 years), with a statistically significant difference. Among the participants, 81.8% (189/231) had no previous screening. The methylation levels of JAM3 and PAX1 were significantly higher in individuals with HPV infection persisting for more than 3 years compared to those with less than 3 years, with a statistically significant difference (p < 0.05). There was a significant correlation between PAX1 and JAM3 methylation (p < 0.001), which could be used as cumulative evidence of HPV infection duration before the occurrence of precancerous lesions. The incidence of vaginal intraepithelial lesions was higher in individuals with HPV infection persisting for more than 3 years compared to those with less than 3 years, and HPV VL can be used as an indicative biomarker for concurrent cervical-vaginal lesions, especially for HPV other than 16/18 genotypes.",Peking University People’s Hospital
2024,"Liang, Hui; Liu, Yao; Yin, Suyue; Jiang, Mengyu; Dou, Qiuyan; Wang, Hanhan; Liu, Jie; Chen, Yibo; Liu, Pei; Wang, Jing; Wang, Yishan; Wu, Zhe",Assessment of PAX1 and JAM3 methylation triage efficacy across HPV genotypes and age groups in high-risk HPV-positive women in China,Frontiers in Oncology,10.3389/fonc.2024.1481626,https://www.frontiersin.org/journals/oncology/articles/10.3389/fonc.2024.1481626/full,"OBJECTIVE: This study aimed to evaluate the clinical utility of PAX1/JAM3 methylation (CISCER) test in triaging high-risk human papillomavirus (hrHPV)-positive women. METHODS: We enrolled women who underwent opportunistic screening at Cervical Disease outpatient clinics of Xuzhou Maternity and Child Health Hospital, and Yueyang Central Hospital from December 2022 to May 2024. The effectiveness of CISCER and cytology tests in triaging hrHPV+ patients was analyzed. RESULTS: Among the 436 study participants, 283 (64.9%) had no cervical intraepithelial neoplasia (CIN), while 53 (12.2%) had CIN1, 40 (9.2%) had CIN2, 34 (7.8%) had CIN3, and 26 (5.9%) had cervical cancers. The CISCER tests identified all cases of cervical cancer, particularly 2 hrHPV-negative adenocarcinoma cases. In 396 hrHPV+ individuals, the sensitivity of CISCER tests for detecting CIN2+ lesions was 92.6% (95% CI: 87.2-97.9%), with a specificity of 95.7% (95% CI: 93.4-98%), and an area under the receiver operating characteristic curve (AUC) of 0.941 (95% CI: 0.903-0.979), outperforming cytology tests in both HPV16/18+ and non-16/18 hrHPV+ women. Notably, CISCER demonstrated 100% (95% CI: 90-100%) sensitivity in women aged≥50 and 100% (95%CI: 93.6-100%) specificity in women aged<30. Among CIN2+ women, 37.2% (including 3 cancer) showed low-grade cytological changes that could be detected by CISCER. Meanwhile, 52% of CIN2- women exhibited cytological abnormalities but had negative CISCER results. The immediate CIN3+ risk based on positive CISCER results was 54% (95% CI: 43.8-63.9%). CONCLUSION: The PAX1/JAM3 methylation detection using cervical exfoliated cells showed superior triage performance for hrHPV-positive patients compared to traditional strategies.",Xuzhou Maternity and Child Health Hospital
2024,"Sun, Dan; Shu, Changfa; Zeng, Fei; Xu, Dabao; Zhao, Xingping",The performance of JAM3/PAX1 methylation in the diagnosis of high-grade squamous intraepithelial lesions for women with high-risk HPV infection,BMC cancer,10.1186/s12885-024-13299-y,https://bmccancer.biomedcentral.com/articles/10.1186/s12885-024-13299-y,"OBJECTIVE: To assess the clinical value of DNA methylation measurement in exfoliated cervical cells for distinguishing high-grade squamous intraepithelial lesions (HSIL) from other cervical abnormalities. METHODS: A total of 276 patients were enrolled, and general clinical information was collected. Exfoliated cervical cells were obtained to assess human papillomavirus (HPV) infection, conduct ThinPrep cytology tests (TCT), and measure methylation levels of JAM3 (△CtJ) and PAX1 (△CtP). Logistic regression was performed to identify factors significantly associated with HSIL diagnosis. A conditional inference tree model and the area under the curve (AUC) were employed to evaluate the efficacy of JAM3 and PAX1 methylation in detecting HSIL. RESULTS: Independent risk factors for HSIL diagnosis included △CtJ, △CtP, atypical squamous cells of undetermined significance (ASCUS), and HPV16 infection. The conditional inference tree indicated that 96.4% of patients were non-HSIL when △CtJ?>?11.66, and 99.1% were non-HSIL when △CtP?>?10.97. The diagnostic performance of △CtJ/△CtP surpassed that of TCT/HPV alone. Among six methods, the combination of △CtP, TCT, and high-risk HPV (hr-HPV) testing achieved the highest sensitivity (91.2%), positive predictive value (50.0%), negative predictive value (98.6%), and AUC (0.932). CONCLUSION: In women with hr-HPV infection, DNA methylation analysis of cervical cytology outperformed traditional TCT or HPV testing. The combination of △CtP with TCT and HPV may offer the most accurate screening approach for HSIL.",the Third Xiangya Hospital of Central South University
2025,"Su, Haiqi; Jin, Xitong; Kong, Linghua; You, Yan; Wu, Huanwen; Liou, Yuligh; Li, Lei","The triage role of cytological DNA methylation in women with non-16/18, specifically genotyping high-risk HPV infection",British Journal of Cancer,10.1038/s41416-025-03005-5,https://www.nature.com/articles/s41416-025-03005-5,"OBJECTIVES: To evaluate cytological DNA methylation testing methods for risk stratification in women with non-16/18 HPV, focusing on high-risk HPV (hrHPV) genotyping. METHODS: This study compared the triage performance of liquid-based cytology (LBC) testing, hrHPV genotyping, and PAX1/JAM3 gene methylation (CISCER) testing. The absolute risks of cervical intraepithelial neoplasia grade 2 or worse (CIN2+), grade 3 or worse (CIN3+), and colposcopy referral rates were calculated. RESULTS: The CISCER test showed a CIN3+ risk of 39.1% for positive and 0.9% for negative results. In comparison, LBC?≥?ASCUS and HPV33/35 genotyping had CIN3+ risks of 9.8% and 19.3%, respectively, for positive result. The colposcopy referral rates were 17.4% for CISCER+, 61.9% for LBC?≥?ASCUS, and 8.9% for HPV33/35+ genotyping. The CIN3+ risks were 40.0% and 50.0% when CISCER+ was combined with LBC?≥?ASCUS and HPV33/35+, respectively. The CIN3+ risks were 0.0% and 1.0% when CISCER- was combined with LBC with no intraepithelial lesions or malignancy (NILM) and non-HPV33/35, respectively. Our analysis of CIN2+ patients yielded similar results. CONCLUSIONS: DNA methylation testing outperformed LBC in triaging women with non-16/18 hrHPV infections, significantly reducing unnecessary colposcopy referrals, particularly when combined with HPV33/35 genotyping.",Peking Union Medical College Hospital
2024,余芙蓉; 马洁稚; 周希; 李根林; 彭嘉琪; 李萍; 曾飞; 谢小兵; 董巍檑,女性阴道自采样本检测PAX1/JAM3双基因甲基化标志物作为子宫颈癌筛查的可行性评估,中华检验医学杂志,10.3760/cma.j.cn114452-20240109-00016,https://rs.yiigle.com/cmaid/1499262,目的 探讨女性自采样本进行配对盒基因1（PAX1）/结合连接黏附分子 3（JAM3）双基因甲基化检测在子宫颈癌筛查与绝经前后女性分层管理的应用价值。方法 单中心横断面研究。2023年1—11月在阴道镜门诊同时收集女性自采样本及医生采样样本，分别进行PAX1/JAM3双基因甲基化（PAX1 /JAM3 ）检测，以组织病理学为标准。总计招募301例接受阴道镜检查女性，并对272例有组织病理与检测信息的女性进行统计分析。通过Spearman相关性分析和χ2检验比较两种采样方法PAX1 /JAM3 检测结果的一致性。通过计算受试者操作特征曲线（ROC）和曲线下面积（AUC）比较女性自采样本甲基化检测与现行临床检测及其组合方法在临床研究中用于子宫颈癌筛查的效益。 结果 在所有招募的受试者中，正常子宫颈组织或慢性子宫颈炎102例（37.5%）、子宫颈上皮内瘤变1级（CIN1）72例（26.4%）、CIN2 43例（15.8%）、CIN3 29例（10.7%）、子宫颈癌26例（9.6%）。按最低检出量公式计算区分成为81例一致性研究组和191例临床研究组。Spearman相关性分析表明，自采样本和医生采样样本进行PAX1和JAM3双基因甲基化检测结果的卡氏评分呈正相关（ =0.858、0.828， 均<0.001）；自采样本在临床研究中结果显示PAX1 /JAM3 检测诊断CIN2或更严重病变（CIN2+）的敏感度和特异度分别为77.6%（ 65.3%~86.4%）和87.2%（95% 80.5%~91.9%），PAX1 /JAM3 联合人乳头瘤病毒16/18型（HPV16/18）检测的敏感度与高危人乳头瘤病毒（hrHPV）检测相同为89.7%（95% 79.2%~95.2%）；在CIN3+时为96.0%（95% 80.4%~99.3%），优于hrHPV的92.0%（95% 75.0%~97.8%）、细胞学的82.6%（95% 62.9%~93.0%）及sPAX1 /JAM3 联合细胞学检测低度及以上鳞状上皮内病变（LBC ）［87.0%（95% 67.9%~95.5%）］。 结论 女性自采样本进行PAX1与JAM3双基因甲基化检测作为子宫颈癌筛查具有操作与临床可行性。,南华大学附属第一医院
2026,何倩楠; 黄子杰,PAX1/JAM3双基因联合甲基化检测在宫颈病变管理中的研究进展,国际妇产科学杂志,10.12280/gjfckx.20251474,https://www.gjfckx.ac.cn/CN/abstract/abstract2843.shtml,【摘 要】表观遗传学标志物在宫颈癌精准筛查中的应用价值日益凸显。其中配对盒基因1（paired box gene 1，PAX1）和连接黏附分子3（junctional adhesion molecule 3，JAM3）的异常甲基化作为宿主细胞癌变过程中的关键表观遗传事件，能够客观反映宫颈上皮细胞的异常转化状态，成为宫颈癌早期诊断的生物标志物。PAX1通过抑制Wnt/β-联蛋白（β-catenin）等多条致癌通路发挥抑癌作用，其甲基化是癌变早期敏感指标；JAM3与上皮屏障功能及肿瘤侵袭转移密切相关，甲基化水平随病变进展显著升高。二者联合甲基化检测具有较高的敏感度和特异度，显著优于传统细胞学方法，不仅能实现早期精准识别，还可有效分流人乳头瘤病毒初筛阳性者，减少不必要的阴道镜转诊，且该检测适用于“自采样”模式，有利于提升基层及资源有限地区的筛查可及性。此外，PAX1/JAM3联合甲基化检测还能预测宫颈锥切术后病理升级风险，指导个体化治疗决策。未来需通过多中心、大样本临床研究进一步确立PAX1/JAM3甲基化的标准化界值（cut-off值），该联合检测有望作为核心技术整合入宫颈癌筛查指南，推动宫颈癌筛查由“群体普查”向“个体化精准防控”模式重大转变。,联勤保障部队第九四〇医院妇科
2025,周敏; 左娟; 周戴; 陈丹; 侯达,宫颈脱落细胞PAX1、JAM3基因甲基化对宫颈上皮内瘤变预测作用的初步研究,湖南师范大学学报医学版,,https://yxb.hunnu.edu.cn/CN/Y2025/V22/I6/123,"目的 评估宫颈脱落细胞配对盒家族1（paired box1,PAX1）和连接黏附分子3（junctional adhesion molecule 3,JAM3）基因甲基化作为联合生物标志物对高级别宫颈上皮内瘤变（cervical intraepithelial neoplasia,CIN）的预测效能。方法 本研究纳入2023年7月至2024年12月在长沙市妇幼保健院同时接受人乳头瘤病毒（human papillomavirus, HPV）分型、液基细胞学（thinprep cytologic test,TCT）、PAX1和JAM3基因甲基化检测和阴道镜病理检查的受试者（n=144）。采用甲基化特异性PCR对宫颈细胞中PAX1和JAM3基因的甲基化水平进行定量检测,并将HPV分型结果与两基因甲基化（二分类变量）纳入联合预测与判别分析模型。结果 在病理确诊的CIN2+（n=16）患者中,PAX1和JAM3基因甲基化阳性率分别为68.8%和56.3%,显著高于CIN1组（6.4%、6.4%）和慢性宫颈炎组（1.2%、1.2%）（P<0.001）。在高危型HPV感染者中,甲基化阳性者进展为CIN2+的优势比（OR）为6.32（95%CI：3.45~11.28）。联合模型显示,当HPV16/18阳性且任一基因甲基化阳性时,CIN2+的阳性预测值为96.9%（95%CI：82.4~94.3）,且F1值显著优于单一HPV检测（59.1%）（P<0.01）。结论 PAX1/JAM3双基因甲基化联合HPV分型检测可显著提升CIN2+的早期识别能力（AUC=0.8789）,为临床决策提供了可靠依据,并有望为细胞学结论不确定病例的分流管理提供更为明确的建议。",长沙市妇幼保健院
2026,刘勋姣; 玉秀美,宫颈脱落细胞基因甲基化检测对宫颈高级别病变术后残留及复发风险的预测意义,中文科技期刊数据库（引文版）医药卫生,,https://lib.cqvip.com/Qikan/Article/Detail?id=1000004574041,探讨宫颈脱落细胞PAX1、JAM3基因甲基化检测对宫颈高级别病变（HSIL）术后残留及复发风险的预测价值。方法 选取2023年1月至2024年12月桂林市妇幼保健院收治的120例宫颈高级别病变患者，均接受宫颈锥切术治疗。术前采集宫颈脱落细胞样本，采用甲基化特异性PCR（MSP）技术检测PAX1、JAM3基因甲基化状态。术后随访12个月，记录术后残留及复发情况，分析基因甲基化状态与术后不良结局的相关性，评估其预测效能。结果 120例患者中，PAX1、JAM3基因甲基化阳性率分别为51.67%、43.33%；单一基因甲基化阳性42例，双基因甲基化阳性23例，总甲基化阳性率为54.17%。术后随访12个月，共发现残留13例、复发9例，总不良结局发生率为18.33%。多因素Logistic回归分析显示，PAX1基因甲基化（OR=5.892，95%CI：1.985～17.596，P=0.001）及双基因联合甲基化（OR=8.654，95%CI：2.783～26.927，P＜0.001）是术后残留及复发的独立危险因素，JAM3基因甲基化无统计学意义（P＞0.05）。PAX1、JAM3双基因联合检测预测术后不良结局的灵敏度、特异度、阳性预测值、阴性预测值分别为91.30%、45.38%、30.23%、94.29%，曲线下面积（AUC）为0.765，高于单一基因检测。结论 宫颈脱落细胞PAX1、JAM3基因甲基化与宫颈高级别病变术后残留及复发密切相关，其中PAX1基因甲基化及双基因联合甲基化是术后不良结局的独立危险因素。双基因联合甲基化检测具有较高的灵敏度和阴性预测值，可作为宫颈高级别病变术后残留及复发风险的有效预测指标。,桂林市妇幼保健院
2026,"Geng, Tongyao; Li, Sijia; Bian, Yanan; Li, Xiaodong; Bian, Yahui","Association of PAX1/JAM3 gene methylation, HR-HPV, and TCT with high-grade cervical lesions in a high-risk cohort: a multinomial logistic regression analysis",BMC women's health,10.1186/s12905-026-04622-9,,"OBJECTIVE: To investigate the risk factors associated with pathological progression of cervical lesions, specifically focusing on high-risk human papillomavirus (HR-HPV) infection, ThinPrep Cytologic Test (TCT), and PAX1/JAM3 gene methylation in a high-risk colposcopy-referred cohort. METHODS: A total of 409 patients who underwent colposcopy-directed biopsy at the First Hospital of Hebei Medical University between January, 2023 and April, 2025 due to abnormal TCT results, HR-HPV infection, or positive PAX1/JAM3 gene methylation were analyzed. The sensitivities of different methods were compared, and unordered multivariate logistic regression was used to analyze the risk factors for high-grade cervical lesions and pathological progression. RESULTS: Univariate analysis demonstrated that age, gravidity, age at first sexual intercourse, number of sexual partners, menopausal status, HR-HPV infection, TCT results, and PAX1/JAM3 methylation were significantly associated with pathological grade (all P?<?0.05). In the multinomial regression analysis, compared to the inflammation group, both other high-risk HPV (OR?=?3.930) and very-high-risk (16/18) HPV infections (OR?=?3.725), as well as non-NILM TCT (OR?=?2.435), were significantly associated with an increased risk of LSIL. For the progression to HSIL, very-high-risk HPV (OR?=?6.801), non-NILM TCT (OR?=?2.399), positive PAX1 methylation (OR?=?4.145), and positive JAM3 methylation (OR?=?8.215) were identified as strong independent risk factors. CONCLUSION: In a high-risk colposcopy-referred cohort, HR-HPV infection, non-NILM TCT results, and positive PAX1/JAM3 gene methylation are independently associated with the presence of high-grade cervical lesions. These biomarkers have the potential to enhance clinical risk stratification and inform decision-making in cervical cancer screening. However, their clinical utility and cost-effectiveness need to be further evaluated through larger, prospective studies to validate their role in routine clinical practice.",First Hospital of Hebei Medical University
2026,"He, Peixuan; Wang, Yishan; Xie, Nian; Liu, Chengniang; Liu, Pei; Wang, Linhai; Yin, Suyue; Zhou, Shunxian; Cai, Haiyi; Fu, Chun",Diagnostic Accuracy and Concordance of Self-Collected Cervical CDO1 and CELF4 Methylation Testing Compared With Physician Sampling for Endometrial Cancer Detection,JCO Precision Oncology,10.1200/PO-25-01081,https://ascopubs.org/doi/10.1200/PO-25-01081,"PURPOSE To address the growing incidence of endometrial cancer (EC), noninvasive detection methods are needed. Although self-sampling is proven for cervical cancer screening, its utility for EC detection via methylation analysis lacks robust evidence. This study aimed to validate this approach by evaluating the concordance and diagnostic accuracy of CDO1/CELF4 methylation testing in self-collected samples compared with clinician-collected samples.",The Second Xiangya Hospital of Central South University
2023,"Qi, Bingli; Sun, Ye; Lv, Yaohua; Hu, Pei; Ma, Yanli; Gao, Wenying; Li, Shumei; Zhang, Xin; Jin, Xitong; Liou, Yuligh; Liu, Pei; Liu, Shikai",Hypermethylated CDO1 and CELF4 in cytological specimens as triage strategy biomarkers in endometrial malignant lesions.,Frontiers in oncology,10.3389/fonc.2023.1289366,,"OBJECTIVE: Developing a non-invasive and reliable triage test for endometrial malignant lesions is an important goal, as it could help to reduce the number of  invasive diagnostic procedures required and improve patient survival. We aimed to  estimate the diagnostic value of DNA methylation levels in cervical cytological  samples of endometrial cancer (EC) and endometrial atypical hyperplasia (AH).  METHODS: A total of 607 women who had indications for endometrial biopsy in the  Department of Obstetrics and Gynecology of Cangzhou Central Hospital from October  2022 to April 2023 were enrolled in this study. The cervical exfoliated cells  were collected for gene methylation before endometrial biopsy. Clinical  information, tumor biomarkers, and endometrial thickness (ET) of transvaginal  ultrasonography (TVS) were also collected. With endometrial histopathology as the  gold standard, multivariate unconditional logistic regression was applied to  analyze the risk factors of endometrial malignant lesions. The role of cysteine  dioxygenase type 1 (CDO1) and CUGBP Elav-like family member 4 (CELF4) gene  methylation as a triage strategy biomarker in endometrial malignant lesions was  specifically explored. RESULTS: Multivariate logistic regression analysis showed  that premenopausal ET >/= 11 mm or postmenopausal ET >/= 5 mm, CDO1 DeltaCt </= 8.4, or  CELF4 DeltaCt </= 8.8 were the risk factors for AH and EC, with odds ratios (ORs)  (95%CI) of 5.03 (1.83-13.82) and 6.92 (1.10-43.44), respectively (p-values <  0.05). The sensitivity and specificity of CDO1/CELF4 dual-gene methylation assay  for AH and EC reached 84.9% (95%CI: 75.3%-94.5%) and 86.6% (95%CI: 83.8%-89.5%),  respectively. ET combined with DNA methylation detection further improved the  specificity to (94.9%, 95%CI: 93.1%-96.8%). CONCLUSION: The accuracy of cervical  cytology DNA methylation is superior to that of other clinical indicators in the  non-invasive examination of endometrial malignant lesions. DNA methylation  combined with TVS can further improve the specificity and is a promising  biomarker triage strategy in women with suspected endometrial lesions.",Cangzhou Central Hospital
2024,"Cai, Bingxin; Du, Jun; Wang, Yishan; Liu, Zhijie; Wang, Yan; Li, Liuyu; Liu, Pei; Wang, Linhai; Liu, Qing; Meng, Zhaoyan",The endometrial cancer detection using non-invasive hypermethylation of CDO1 and CELF4 genes in women with postmenopausal bleeding in Northwest China,CytoJournal,10.25259/Cytojournal_78_2023,,"OBJECTIVE: The objective of this study was to verify the clinical predictive performance of methylated cysteine dioxygenase type 1 (CDO1m) and CUGBP Elav-like family member 4 (CELF4m) in endometrial cancer (EC) women with postmenopausal bleeding (PMB). MATERIAL AND METHODS: A single-center, prospective, and case-control study was conducted in the Gansu Provincial Maternity and Child-care Hospital with 138 female postmenopausal patients enrolled in 2022. All patients underwent body mass index (BMI) detection, transvaginal ultrasonography (TVUS) detection, carbohydrate antigen 125 detection, and the cervical exfoliated cell CDO1/CELF4 gene methylation detection to analyze the sensitivity, specificity, and accuracy of different screening tests statistically with the biopsy and/or dilation and curettage (D&C) pathological diagnosis under hysteroscopy as the gold standard. RESULTS: There was no significant difference in age between the EC group and the non-EC group, P = 0.492. Using quantitative polymerase chain reaction (qPCR) technology, we validated the CDO1 and CELF4 methylation detection with 87.5% sensitivity and 95.9% specificity as a useful strategy for the triage of women with PMB for the detection of EC. In addition, 100% of type II EC (n = 6) were positively detected by the CDO1 or CELF4 methylation test. CONCLUSION: The CDO1 and CELF4 methylation test with high specificity as an auxiliary diagnostic tool or alternative method provides physicians with a reference to distinguish between benign and malignant tumors in women with postmenopausal bleeding, to justify the necessity of using invasive methods to confirm diagnosis.",Gansu Provincial Maternity and Child-care Hospital
2025,"Lee, Ho-Sze Jacqueline; Wu, Shiye; Yeung, Suet-Ying; Cheung, Chun-Wai; Fung, Wen-Ying Linda; Kwok, Pui-Kei Sonia; Yung, Kar-Kei; Wong, Tsz-Kei Sani; Kanneganti, Abhiram; Lau, Tat-San",Prospective Evaluation of Cervical Scrapings CDO1 and CELF4 Methylation (epiHERA?) Assay in Detection of Endometrial Cancer,Cancers,10.3390/cancers17183010,,"Background/Objectives: Our study evaluates the performance of the CDO1 and CELF4 methylation assay of cervical scrapings in diagnosing endometrial cancer. Methods: Patients referred for abnormal uterine bleeding, suspected endometrial pathology on imaging, endometrial hyperplasia, or cancer, who were indicated for endometrial sampling +/- hysteroscopy +/- hysterectomy, were recruited prospectively from the gynecology clinic of Prince of Wales Hospital, Hong Kong, from January 2023 to November 2024. Methylation assay was performed on the cervical scrapings of the participants, with the results compared to endometrium histology obtained on the same day. Results: Methylation assay results of 675 patients were compared to 629 outpatient endometrial assessments and 46 hysterectomy histology. The assay yields an accuracy of 97.3%, sensitivity of 84.1%, specificity of 98.8%, PPV of 89.2%, and NPV of 98.2%. The AUC is 0.92 with a Kappa coefficient of 0.85. The false-negative rate was 0.8% among the 629 endometrial assessment cases. Endometrial thickness, abnormal cervical cytology, and endometrial hyperplasia significantly affected the accuracy. Among seven false-positive cases, five had endometrial hyperplasia and two had cervical intraepithelial neoplasia. Eventually, three patients were diagnosed with endometrial cancer and one with cervical cancer 1 to 4 months later. Conclusions: Methylation assay of cervical scrapings is highly accurate in diagnosing endometrial cancer with a high sensitivity, specificity, and low false-negative rate. It can act as a triage to reduce invasive endometrial assessment. All false-positive cases were related to neoplastic processes in the genital tract, indicating that it may be useful for detecting cancer early, before histological change is evident.",The Chinese University of Hong Kong
2026,"Cai, Bingxin; Wang, Yishan; Ma, Wen; Wu, Zhenzhen; Yao, Tingting; Liu, Pei; Wang, Linhai; Zhou, Pingping; Li, Yilin",Validation of a cervical CDO1/CELF4 methylation test for endometrial cancer: a prospective paired-sample comparison with intrauterine specimen,Frontiers in Medicine,10.3389/fmed.2026.1690020,https://www.frontiersin.org/journals/medicine/articles/10.3389/fmed.2026.1690020/full,"BackgroundThe increasing global incidence of endometrial cancer (EC) underscores the urgent need for effective early detection. Noninvasive detection approaches, such as transvaginal ultrasonography (TVS), frequently exhibit low specificity, leading to a high rate of unnecessary invasive procedures. DNA methylation analysis has emerged as a promising noninvasive alternative. This study aimed to validate CDO1/CELF4 gene methylation analysis for detecting endometrial intraepithelial neoplasia (EIN) and EC and, critically, to compare its diagnostic efficacy using noninvasive cervical brushing cells (CBCs) vs. invasive diagnostic curettage (D&C) samples.MethodsA prospective paired-samples study was conducted at Gansu Provincial Maternity and Child Care Hospital (July 2023–June 2024), including 226 eligible women. CBC and D&C samples were collected sequentially from each participant and tested for CDO1/CELF4 methylation, with diagnostic performance and consistency compared between sample types.ResultsAmong 226 participants, 31 were diagnosed with EIN or EC. Compared with conventional markers (cytology, endometrial thickness, and CA125 levels), individual CDO1, CELF4, and CISENDO (CDO1/CELF4) methylation tests from both CBC and D&C samples demonstrated superior diagnostic capabilities. Specifically, the ΔCt values of CDO1 and CELF4 were significantly lower in patients with EIN or EC than in those with benign lesions (P < 0.0001 for all comparisons). A strong positive correlation was observed between CBC and D&C samples for individual methylated CDO1 tests (R = 0.86) and CELF4 tests (R = 0.78), suggesting a high agreement. ROC analysis confirmed no statistically significant difference in diagnostic accuracy between CBC and D&C samples for the CISENDO test (P = 0.244). The CISENDO test achieved an AUC of 0.929, with 93.5% sensitivity and 92.3% specificity using D&C samples, and an AUC of 0.916 with CBC samples when using manufacturer-recommended cutoff.ConclusionCDO1/CELF4 methylation analysis in cervical brushing samples is a highly accurate and reliable method for detecting EC and precursors, and no statistically significant difference in efficacy was observed compared to that of endometrial tissue tests. Its noninvasive nature can overcome significant diagnostic barriers, holding considerable promise as an effective triage tool for high-risk or symptomatic women, potentially revolutionizing early detection of EC and improving patient outcomes.",Gansu Provincial Maternity and Child-care Hospital
2026,"Wang, Xiuzhen; Zheng, Lang; Zhu, Genhai; Wang, Shengtan; Li, Wei; Liu, Jun; Gao, Haocheng; Liu, Xiaohang; Li, Guifei; Li, Lei; Hong, Lan",CDO1 and CELF4 methylation assay as the dominant predictor of endometrial cancer: A cohort analysis across pre- and post-menopausal cohorts,Gynecologic Oncology,10.1016/j.ygyno.2026.01.776,https://linkinghub.elsevier.com/retrieve/pii/S0090825826007808,,Hainan General Hospital (Hainan Affiliated Hospital of Hainan Medical University)
2023,赵行平; 徐大宝; 马洁稚; 傅英钦; 李斌玉; 靳希桐; 刘禹利; 刘沛,DNA甲基化检测在育龄期异常子宫出血女性子宫内膜癌诊断中的应用价值,中华检验医学杂志,10.3760/cma.j.cn114452-20221110-00670,https://rs.yiigle.com/cmaid/1456400,目的 探讨应用宫颈脱落细胞DNA（半胱氨酸双加氧酶1型，和CUGBP Elav样家族成员4，）甲基化检测育龄期女性子宫内膜癌的应用价值。方法 选取2021年11月至2022年10月就诊于中南大学湘雅三医院妇科异常子宫出血的育龄期、有宫腔镜检查手术指征的女性517例进行前瞻性研究，术前收集宫颈脱落细胞进行细胞学、人类乳头瘤病毒（HPV）和DNA甲基化检测。同时收集患者基本临床信息、生物标记物与经阴道超声（TVS）子宫内膜厚度等信息。以宫腔镜下内膜组织病理学诊断为金标准，采用单因素Logistic回归分析子宫内膜癌的高危因素，利用受试者工作特征曲线下面积（AUC）分析DNA甲基化检测对育龄期女性子宫内膜癌的检测效能。结果 年龄、体重指数（BMI）≥25 kg/m、内膜厚度≥11 mm、ΔCt≤8.4、ΔCt≤8.8、双基因甲基化与年轻女性子宫内膜癌的发生相关，值（95%）分别为1.16（1.08~1.25）、4.33（1.89~10.31）、9.49（3.88~26.69）、69.62（25.70~224.36）、23.64（9.66~63.99）、87.39（24.83~555.05），均<0.05。在这些检测方案中，/甲基化诊断子宫内膜癌的AUC最高为0.90（95% 0.83~0.97），其敏感度、特异度分别为91.7%（95% 80.6%~100%）和88.8%（95% 86.0%~91.6%）。TVS联合DNA甲基化检测可进一步提高敏感度至95.8%（95% 87.8%~100%），但特异度为68.0%（95% 63.8%~72.1%）。结论 对于育龄期女性中异常子宫出血或阴道异常排液的女性，宫颈细胞学DNA甲基检测子宫内膜癌的准确性优于其他无创临床方案。DNA甲基化联合TVS可以改善检测的敏感性。,中南大学湘雅三医院
2026,"Yu, Yi; Su, Tingting; Zhang, Hongwei; Li, Qing; Cong, Qing; Sui, Long; Chen, Limei",Clinical Validation of DNA Methylation Detection in Cervical Exfoliated Cells for Endometrial Cancer in Women with Suspected Lesions,Diagnostics,10.3390/diagnostics16020174,,"Background/Objectives: Currently, no non-invasive detection method for endometrial cancer (EC) is recommended in clinical practice worldwide. This study aimed to evaluate the clinical value of detecting DNA methylation of CDO1 and CELF4 (CDO1m/CELF4m) in exfoliated cervical cells for the detection of EC in women with suspected endometrial lesions. Methods: A total of 2164 patients scheduled for hysteroscopic surgery due to suspected endometrial lesions at the Obstetrics and Gynecology Hospital of Fudan University between July 2023 and May 2024 were prospectively enrolled. Preoperative exfoliated cervical cells were collected for dual-gene methylation testing. Clinical data and endometrial thickness measured by transvaginal sonography (TVS) were recorded. Hysteroscopic histopathological diagnosis served as the gold standard to evaluate the performance of methylation testing alone and in combination with TVS. Results: This study included 2164 patients, comprising 33 EC cases, 31 cases of endometrial intraepithelial neoplasia (EIN), and 2100 cases of non-endometrial lesions, with mean ages of 51.7 ± 6.4, 49.5 ± 8.9, and 44.7 ± 9.8 years, respectively (p < 0.001). For EC detection, CDO1m/CELF4m positivity showed a sensitivity of 93.94% (95% CI: 79.77-99.26%), specificity of 96.7% (95% CI: 95.92-97.47%), positive predictive value (PPV) of 31.0% (95% CI: 25.96-36.53%), and negative predictive value (NPV) of 99.90% (95% CI: 99.63-99.98%). For EIN detection, the sensitivity was 83.87%, specificity 97.95%, PPV 37.68%, and NPV 99.76%. Combining TVS with DNA methylation detection further improved the sensitivity and NPV for both EC and EIN detection. Conclusions: DNA methylation detection in exfoliated cervical cells demonstrates high sensitivity and specificity for EC detection. The combination with TVS further enhances sensitivity and NPV, offering a simple and non-invasive triage strategy for patients with suspected endometrial lesions. This study was registered in China Clinical Trial Registry (ChiCTR2200055991) on 30 January 2023.",Obstetrics & Gynecology Hospital of Fudan University
2024,"Zhao, Xingping; Yang, Yanfei; Fu, Yinqin; Lv, Weigang; Xu, Dabao",DNA methylation detection is a significant biomarker for screening endometrial cancer in premenopausal women with abnormal uterine bleeding,International Journal of Gynecological Cancer: Official Journal of the International Gynecological Cancer Society,10.1136/ijgc-2024-005723,https://ijgc.bmj.com/content/early/2024/07/23/ijgc-2024-005723,"OBJECTIVE: The aim of our study was to explore the value of DNA (CDO1m/CELF4m) methylation detection in exfoliated cervical cells collected for screening endometrial cancer in premenopausal women with abnormal uterine bleeding. METHODS: A total of 296 premenopausal women with abnormal uterine bleeding admitted to the Department of Obstetrics and Gynecology at the Third Xiangya Hospital of Central South University from November 2021 to October 2022 were selected. Clinical characteristics, endometrial thickness measured by transvaginal ultrasound and serum CA125 were collected. Exfoliated cervical cells from the thinPrep cytogic test were collected for DNA (CDO1m/CELF4m) methylation testing. Endometrial tissue was collected under hysteroscopy for pathological diagnosis as the gold standard. A univariate logistic regression model was used to analyze risk factors for endometrial cancer. The receiver operating characteristic (ROC) curve and area under the curve (AUC) were used to measure the diagnostic efficacy of DNA methylation detection in endometrial cancer screening of women with abnormal uterine bleeding. RESULTS: Univariate logistic regression analysis showed that age, body mass index (BMI) ≥25?kg/m2, endometrial thickness ≥11?mm, CDO1 methylation (CDO1mΔCt≤8.4), CELF4 methylation (CELF4mΔCt≤8.8), and dual gene methylation (CDO1mΔCt≤8.4?or CELF4mΔCt≤8.8) were independent risk factors for endometrial cancer in women with abnormal uterine bleeding. The odds ratio (OR) values (95%?confidence interval (CI) were 0.87 (0.80-0.95), 4.76 (1.89-11.96), 8.41 (3.13-22.59), 64.49 (20.46-203.33), 12.79 (4.91-33.30), and 42.53 (11.90-152.04), respectively. Among these indicators, dual gene methylation had the higher sensitivity and specificity for endometrial cancer screening (85.7% and 87.6%). Moreover, dual gene methylation combined with BMI or endometrial thickness could further improve the screening efficiency of endometrial cancer in women with abnormal uterine bleeding. CONCLUSIONS: In premenopausal women with abnormal uterine bleeding, the clinical efficacy of DNA (CDO1m/CELF4m) methylation detection in exfoliated cervical cells for endometrial cancer screening was better than that of other noninvasive clinical indicators. In addition, dual gene methylation combined with BMI or endometrial thickness was a good predictor of endometrial cancer screening.","the Third Xiangya Hospital, Central South University"
2024,蔡炳昕; 李浏钰; 刘博; 刘沛; 王林海; 王义山; 刘禹利; 王紫芸; 杜珺,禾蔻安双基因甲基化检测在子宫内膜癌筛查中的应用价值,兰州大学学报（医学版）,10.13885/j.issn.1000-2812.2024.07.004,https://d.wanfangdata.com.cn/periodical/lanzyxyxb202407004,"目的 探讨禾蔻安双基因(CDO1和CELF4)甲基化检测在异常子宫出血患者中子宫内膜癌筛查的应用价值.方法 选取2021年7月—2022年6月因异常子宫出血就诊于甘肃省妇幼保健院宫腔镜门诊的患者216例,收集宫颈脱落细胞进行双基因甲基化检测,同时收集患者基本信息、肿瘤生物学标记物与子宫内膜厚度等.以宫腔镜下子宫内膜组织病理学诊断为金标准,分析禾蔻安双基因甲基化检测对异常子宫出血女性中子宫内膜癌检出的敏感性与特异性.结果 单因素分析中,年龄(P=0.001)、体重指数(BMI,P=0.002)、糖尿病(P=0.012)、绝经(P<0.001)、CDO1和CELF4甲基化(均P<0.001)对判断是否罹患子宫内膜癌的差异有统计学意义.二元Logistic回归分析结果显示,BMI的比值比(OR)为3.970(95%CI:[1.058,14.895],P=0.041),绝经的OR为18.702(95%CI:[1.847,189.370],P=0.013),CDO1、...",甘肃省妇幼保健院
2023,孔令华; 肖晓萍; 万茹; 钞晓培; 陈晓静; 王婧; 吴焕文; 李雷,DNA甲基化检测在绝经后女性子宫内膜癌筛查中的应用价值,中华医学杂志,,https://qikan.cqvip.com/Qikan/Article/Detail?id=00523JLXMFDO1JP19Y,"目的探讨DNA甲基化检测在绝经后女性子宫内膜癌筛查中的应用价值。方法选取2020年5月至2021年10月就诊于北京协和医院妇产科、可疑内膜病变、拟行宫腔镜检查的绝经女性143例,术前收集宫颈脱落细胞进行基因甲基化检测。同时收集患者基本临床信息、生物标记物与经阴道超声(TVS)的子宫内膜厚度等。以宫腔镜下内膜组织病理学诊断为金标准,采用多因素logistic回归模型分析子宫内膜癌的相关因素,利用受试者工作特征(ROC)曲线下的面积(AUC)重点分析基因甲基化检测联合或不联合超声检查对绝经后妇女子宫内膜癌的筛查效能。结果143例患者分为内膜癌组(56例)和对照组(87例),年龄分别为(59.27±6.45)和(61.07±8.26)岁(P=0.051)。多因素分析发现,CA125≥35 U/ml、绝经出血、绝经内膜厚度≥5 mm、CDO1甲基化(ΔCt≤8.4)、CELF4甲基化(ΔCt≤8.8)是发生子宫内膜癌的相关因素,OR值(95%CI)分别为33.23(2.51~1335.28)、8.41(1.81~39.05)、14.45(2.35~88.84)、17.34(3.34~89.98)、44.01(6.79~285.25),均P<0.05。双基因甲基化(CDO1ΔCt≤8.4或CELF4ΔCt≤8.8)诊断内膜癌的灵敏度、特异度最高,分别为87.5%(95%CI:75.9%~94.8%)和90.8%(95%CI:82.7%~95.9%)。TVS联合DNA甲基化检测可进一步提高灵敏度,为100.0%(95%CI:93.6%~100.0%),但不能改善特异度,为59.8%(95%CI:48.8%~70.1%)。结论对于绝经后女性宫颈细胞学DNA甲基化筛查内膜癌的准确性优于其他无创临床方案。联合TVS可以改善筛查的敏感性。",中国医学科学院北京协和医院
2026,"Chen, Xiaojing; Liu, Lixin; Jin, Xitong; Cheng, Yanan; Wu, Huanwen; You, Yan; Liou, Yuligh; Liu, Pei; Lang, Jinghe; Li, Lei",Development and validation of hypermethylated gene markers in cervical cytological samples for detecting endometrial cancer (EndoMethy-I trial),Frontiers in Oncology,10.3389/fonc.2026.1849730,https://www.frontiersin.org/journals/oncology/articles/10.3389/fonc.2026.1849730/full,"ObjectivesTo explore hypermethylated gene markers in cervical scraped cells that may be associated with endometrial cancer and validate their diagnostic role in endometrial cancer.MethodsIn an exploratory cohort consisting of 40 paired endometrial tissue and cervical scraping samples, high-performance methylation-targeted genes associated with endometrial cancer were identified. In training and validation sets with 347 and 149 participants, respectively, methylated markers from cervical cytology together with other epidemiological and clinical parameters were assessed to determine their accuracy in detecting endometrial cancer. A decision tree was constructed using methylation markers, bleeding symptoms and endometrial thickness on transvaginal ultrasound (TVS).ResultsIn this exploratory study, eleven genes highly related to endometrial cancer were evaluated using a methylation array. In the training cohort, the highest AUC values for detecting endometrial cancer were 0.93, 0.91, and 0.89 for hypermethylated CDO1, NEFM, and CELF4, respectively. In the validation set, combining methylated CDO1, CELF4, and NEFM achieved a sensitivity of 94.6% (95% confidence interval 85.1-98.9) and a specificity of 92.8% (89.3-95.5) for detecting endometrial cancer. Integration of the endometrial thickness of TVS slightly improved the diagnostic specificity with very low sensitivity.ConclusionsCervical cytological DNA methylation assays of CDO1, CELF4 and NEFM provide a reliable and safe strategy for detecting endometrial cancer and are superior to other noninvasive evaluation methods or parameters.",Peking Union Medical College Hospital
2024,侯倩男; 袁宇; 李燕; 龚照林; 张强; 冯丹; 宫远福; 王林海; 刘沛; 谢小兵; 何丽,血清中CDO1基因与HOXA9基因启动子甲基化高表达在卵巢癌诊断中的意义,中华检验医学杂志,10.3760/cma.j.cn114452-20231115-00287,https://rs.yiigle.com/cmaid/1499259,目的 探讨应用血液游离DNA（cfDNA）甲基化［半胱氨酸双加氧酶1型（CDO 1）基因和同源盒蛋白A9（HOXA9）基因］检测卵巢癌的临床应用及分层管理价值。方法 收集2022年1月至2023年10月就诊于成都市妇女儿童中心医院妇科有卵巢肿块手术指征患者作为研究对象进行病例对照研究。术前采集血液进行血癌抗原125（CA125）、人附睾蛋白4（HE4）、卵巢恶性肿瘤风险算法（ROMA）指数评估及DNA甲基化检测。同时收集患者基本临床信息、生物标记物与经阴道超声（TVS）等信息。共收集151例研究对象，其中病理检查良性122例，卵巢癌29例。以腹腔镜下卵巢组织病理学诊断为金标准，采用多因素Logistic回归分析卵巢癌的高危因素，利用受试者工作特征曲线下面积（AUC）分析DNA甲基化检测对卵巢癌的临床检测效能。结果 卵巢癌患者组的年龄、绝经状态、CA125与HE4检测、ROMA指数、CDO1基因与HOXA9基因单独或联合检测的阳性率均高于良性组（ <0.05）。CDO1与HOXA9双基因甲基化联合诊断卵巢癌的AUC最高为0.936（95% 0.878～0.994），其敏感度、特异度分别为89.7%（95% 73.6%～96.4%）和97.5%（95% 93.0%～99.2%）。早期卵巢癌国际妇产科联盟分期I、Ⅱ中CDO1与HOXA9双基因甲基化阳性检出率为12/14。 结论 在卵巢癌的风险评估和早期检测中，cfDNA的甲基化分析显示出了较高的准确性和检测效能。,成都市妇女儿童中心医院
